Наименование вакансии,Минимальная зарплата,Максимальная зарплата,Валюта,Ссылка на вакансию
"Python разработчик (Качество данных)",None,None,None,https://hh.ru/vacancy/48447671
"Middle/Senior Python developer",3500.0,None,USD,https://hh.ru/vacancy/48419670
"Python разработчик",None,380000.0,руб.,https://hh.ru/vacancy/47682360
"Junior Python Developer",None,None,None,https://hh.ru/vacancy/48567024
"Стажер разработчик Python",20000.0,50000.0,руб.,https://hh.ru/vacancy/47861001
"Стажер разработчик Python",None,None,None,https://hh.ru/vacancy/48584488
"Junior Data Engineer (Python)",120000.0,120000.0,руб.,https://hh.ru/vacancy/47914759
"Разработчик Python / Программист Python (удаленно)",60000.0,None,руб.,https://hh.ru/vacancy/48496694
"Разработчик Rust/Разработчик Go/Разрабочтик python(удаленно)",300000.0,None,руб.,https://hh.ru/vacancy/48457284
"Python Team Lead (python3.8. + django)",350000.0,400000.0,руб.,https://hh.ru/vacancy/48493368
"Разработчик Python",187000.0,338000.0,руб.,https://hh.ru/vacancy/47947303
"Data Scientist (Python)",None,350000.0,руб.,https://hh.ru/vacancy/48573627
"Программист Python (Junior/Middle)",None,100000.0,руб.,https://hh.ru/vacancy/48485942
"Python junior developer",None,None,None,https://hh.ru/vacancy/48587239
"Разработчик-Python (Django, DRF)",170000.0,220000.0,руб.,https://hh.ru/vacancy/43242292
"Python-разработчик (Django, DRF)",60000.0,150000.0,руб.,https://hh.ru/vacancy/39736489
"Бэкэнд-разработчик (Python, Django)",3000.0,4000.0,USD,https://hh.ru/vacancy/47972375
"Python разработчик",80000.0,150000.0,руб.,https://hh.ru/vacancy/48586207
"Data Scientist",180000.0,250000.0,руб.,https://hh.ru/vacancy/48434078
"Программист Python",100000.0,200000.0,руб.,https://hh.ru/vacancy/48549902
"Python Developer",None,None,None,https://hh.ru/vacancy/48513991
"Python developer / Junior ML engineer",None,None,None,https://hh.ru/vacancy/47974908
"Разработчик Python",None,None,None,https://hh.ru/vacancy/47892369
"Старший программист Python",4000.0,5000.0,USD,https://hh.ru/vacancy/47971848
"Senior Python developer",300000.0,None,руб.,https://hh.ru/vacancy/44167873
"Python-разработчик",None,None,None,https://hh.ru/vacancy/48531691
"Python developer",None,400000.0,руб.,https://hh.ru/vacancy/47820200
"Python backend-разработчик",None,220000.0,руб.,https://hh.ru/vacancy/48251191
"Python-разработчик",130000.0,None,руб.,https://hh.ru/vacancy/46412759
"Middle Python Django developer",110000.0,180000.0,руб.,https://hh.ru/vacancy/47854117
"Senior QA Automation Engineer (Python)",300000.0,None,руб.,https://hh.ru/vacancy/45114743
"Программист (ROS, Python и С++)",None,None,None,https://hh.ru/vacancy/48539184
"Data Scientist",3000.0,5000.0,USD,https://hh.ru/vacancy/47888798
"Back-end Developer (Solidity+Django)",600000.0,None,руб.,https://hh.ru/vacancy/48243893
"Python developer",None,None,None,https://hh.ru/vacancy/44629324
"Разработчик внутренней автоматизации (Python)",None,None,None,https://hh.ru/vacancy/48405072
"Python разработчик (senior) (backend)",None,500000.0,руб.,https://hh.ru/vacancy/43941903
"Разработчик Python",100000.0,200000.0,руб.,https://hh.ru/vacancy/47891343
"Python developer (middle)",150000.0,None,руб.,https://hh.ru/vacancy/47570441
"Программист Python",210000.0,None,руб.,https://hh.ru/vacancy/47899400
"Python разработчик (DomClick)",None,None,None,https://hh.ru/vacancy/48533598
"Разработчик Python",None,None,None,https://hh.ru/vacancy/48502842
"Python разработчик (Рамблер/рекомендации)",None,None,None,https://hh.ru/vacancy/48586117
"Специалист Computer Vision (Senior Data Scientist)",180000.0,300000.0,руб.,https://hh.ru/vacancy/48577770
"Web-программист Python (Middle/Senior)",200000.0,None,руб.,https://hh.ru/vacancy/47228261
"Senior Backend Developer (Python)",220000.0,None,руб.,https://hh.ru/vacancy/47957723
"Data Scientist",60000.0,200000.0,руб.,https://hh.ru/vacancy/48279098
"Python-разработчик",200000.0,300000.0,руб.,https://hh.ru/vacancy/47499212
"Python senior developer / Старший Python-Разработчик",250000.0,None,руб.,https://hh.ru/vacancy/47484744
"Middle Python-developer (aiohttp, asyncio)",None,200000.0,руб.,https://hh.ru/vacancy/48393786
"Python-разработчик (Витрина)",None,None,None,https://hh.ru/vacancy/47448086
"Ведущий python программист",None,None,None,https://hh.ru/vacancy/48497444
"Разработчик Python",None,None,None,https://hh.ru/vacancy/48493904
"Middle разработчик Python / Django (удалённо)",None,None,None,https://hh.ru/vacancy/48003767
"Python Developer",None,None,None,https://hh.ru/vacancy/48089560
"Программист Python",120000.0,None,руб.,https://hh.ru/vacancy/48437592
"Data Engineer / Analyst",3000.0,None,USD,https://hh.ru/vacancy/48502218
"Backend-разработчик / Python developer (умные дома)",100000.0,200000.0,руб.,https://hh.ru/vacancy/48381016
"Python разработчик",None,None,None,https://hh.ru/vacancy/47011947
"Python Developer",None,None,None,https://hh.ru/vacancy/47519752
"Python developer/Python разработчик",None,None,None,https://hh.ru/vacancy/48480295
"Программист Python",120000.0,None,руб.,https://hh.ru/vacancy/48437592
"Data Engineer (Python)",None,None,None,https://hh.ru/vacancy/48219778
"Backend Python Developer",None,None,None,https://hh.ru/vacancy/47777649
"Ведущий разработчик Python",None,None,None,https://hh.ru/vacancy/48308339
"Middle Python-developer (aiohttp, asyncio)",None,200000.0,руб.,https://hh.ru/vacancy/48393786
"Разработчик Python",None,None,None,https://hh.ru/vacancy/46777697
"Python Developer",3000.0,4000.0,USD,https://hh.ru/vacancy/47972165
"Python разработчик",None,None,None,https://hh.ru/vacancy/47041312
"Python разработчик",None,300000.0,руб.,https://hh.ru/vacancy/47977485
"Python разработчик (FastAPI / aiohttp / sanic)",None,None,None,https://hh.ru/vacancy/48176688
"Python Developer",None,None,None,https://hh.ru/vacancy/41794422
"Разработчик Python",None,None,None,https://hh.ru/vacancy/47731802
"Python / Django developer",1000.0,2500.0,USD,https://hh.ru/vacancy/47731874
"Python-разработчик в R&D отдел",100000.0,150000.0,руб.,https://hh.ru/vacancy/48504798
"Senior Python Developer",None,None,None,https://hh.ru/vacancy/43068985
"Python Developer",None,None,None,https://hh.ru/vacancy/48214300
"Python разработчик",None,None,None,https://hh.ru/vacancy/45471612
"Python Developer",None,None,None,https://hh.ru/vacancy/48486963
"Python разработчик",None,None,None,https://hh.ru/vacancy/47757295
"Разработчик-тестировщик Python / C++",None,None,None,https://hh.ru/vacancy/46350377
"Разработчик Python",None,None,None,https://hh.ru/vacancy/46692454
"Python/Go backend developer (middle)",None,None,None,https://hh.ru/vacancy/47731920
"Backend разработчик Python",None,None,None,https://hh.ru/vacancy/48160439
"Python Developer",None,None,None,https://hh.ru/vacancy/48214300
"Senior Python developer - Kannon",None,None,None,https://hh.ru/vacancy/48515755
"Senior Python Developer",None,None,None,https://hh.ru/vacancy/43068985
"Web-разработчик (React, Python)",800.0,3000.0,USD,https://hh.ru/vacancy/45795563
"Программист Python Django",80000.0,None,руб.,https://hh.ru/vacancy/48413507
"Python разработчик",None,None,None,https://hh.ru/vacancy/47368969
"Python Developer",None,None,None,https://hh.ru/vacancy/46102356
"Разработчик Python (Senior)",None,None,None,https://hh.ru/vacancy/44811190
"Python developer",160000.0,None,руб.,https://hh.ru/vacancy/48240439
"Senior Computer Vision Python developer",None,None,None,https://hh.ru/vacancy/47587163
"Senior Python Developer",150000.0,250000.0,руб.,https://hh.ru/vacancy/47642650
"Python-разработчик",None,None,None,https://hh.ru/vacancy/48307116
"Python developer",None,None,None,https://hh.ru/vacancy/48476976
"Python Developer",None,None,None,https://hh.ru/vacancy/48201199
"Ведущий Python разработчик",300000.0,None,руб.,https://hh.ru/vacancy/48395346
"Python разработчик (backend)",None,None,None,https://hh.ru/vacancy/46338966
"Python Developer",None,None,None,https://hh.ru/vacancy/43822796
"Senior Python разработчик (Наставник)",None,None,None,https://hh.ru/vacancy/47536823
"Python middle/senior (django)",160000.0,200000.0,руб.,https://hh.ru/vacancy/47309168
"Python-разработчик в Лавку",None,None,None,https://hh.ru/vacancy/48206113
"Разработчик Python (CMDB)",None,None,None,https://hh.ru/vacancy/48248204
"Python/Django-разработчик",250000.0,None,руб.,https://hh.ru/vacancy/48168511
"Python developer",120000.0,280000.0,руб.,https://hh.ru/vacancy/48195683
"Data Engineer (SQL, Python, PHP)",None,160000.0,руб.,https://hh.ru/vacancy/48224920
"Python-разработчик во Flow",None,None,None,https://hh.ru/vacancy/45987511
"Python разработчик (backend)",3500.0,4500.0,EUR,https://hh.ru/vacancy/48113352
"Python разработчик",None,None,None,https://hh.ru/vacancy/47377341
"ML Engineer / Python Developer",200000.0,350000.0,руб.,https://hh.ru/vacancy/47418089
"Python программист (CERT)",None,None,None,https://hh.ru/vacancy/47301494
"Python Developer",150000.0,None,руб.,https://hh.ru/vacancy/46280996
"Python разработчик",None,None,None,https://hh.ru/vacancy/48287423
"Преподаватель курса  “Python” (Python developer)",None,None,None,https://hh.ru/vacancy/48214691
"Python-разработчик (Data Engineer)",None,None,None,https://hh.ru/vacancy/46633466
"Python Backend разработчик",160000.0,None,руб.,https://hh.ru/vacancy/48253906
"Преподаватель по курсу “Python для аналитиков”/“Python developer”/ DSA",None,None,None,https://hh.ru/vacancy/48219341
"Разработчик Python \ Python Developer",150000.0,None,руб.,https://hh.ru/vacancy/46563698
"Senior Python разработчик (Наставник)",None,None,None,https://hh.ru/vacancy/47536823
"Python/Django-разработчик",250000.0,None,руб.,https://hh.ru/vacancy/48168511
"Python middle/senior (django)",160000.0,200000.0,руб.,https://hh.ru/vacancy/47309168
"Python developer / Python разработчик",70000.0,150000.0,руб.,https://hh.ru/vacancy/48132238
"Senior Python разработчик",None,None,None,https://hh.ru/vacancy/47764741
"Python разработчик",300000.0,500000.0,руб.,https://hh.ru/vacancy/48091163
"Python программист",None,None,None,https://hh.ru/vacancy/47477660
"Middle Backend Python Developer (Django)",2500.0,3500.0,EUR,https://hh.ru/vacancy/46780121
"Python-разработчик в Лавку",None,None,None,https://hh.ru/vacancy/48206113
"Senior Python-разработчик",2000.0,4500.0,EUR,https://hh.ru/vacancy/47987566
"Разработчик Python (CMDB)",None,None,None,https://hh.ru/vacancy/48248204
"Python разработчик (backend)",3500.0,4500.0,EUR,https://hh.ru/vacancy/48113352
"Python программист (CERT)",None,None,None,https://hh.ru/vacancy/47301494
"Python разработчик",None,None,None,https://hh.ru/vacancy/47377341
"Data Scientist (middle or senior)",None,500000.0,руб.,https://hh.ru/vacancy/42956307
"Python-разработчик",230000.0,None,руб.,https://hh.ru/vacancy/48082943
"Python Developer",150000.0,None,руб.,https://hh.ru/vacancy/46280996
"Разработчик Python \ Python Developer",150000.0,None,руб.,https://hh.ru/vacancy/46563698
"Backend Python разработчик",150000.0,200000.0,руб.,https://hh.ru/vacancy/48169250
"Программист Python",None,None,None,https://hh.ru/vacancy/47040907
"Python Developer",None,None,None,https://hh.ru/vacancy/47722625
"Бэкенд разработчик (Python/Django)",1500.0,2500.0,USD,https://hh.ru/vacancy/47771725
"Python + DS-ML разработчик",None,None,None,https://hh.ru/vacancy/47740495
"Python middle developer",None,None,None,https://hh.ru/vacancy/47769125
"Data Scientist (команда Поиска)",None,None,None,https://hh.ru/vacancy/46048820
"Старший специалист по интеллектуальному анализу данных (Data Scientist)",None,None,None,https://hh.ru/vacancy/46795855
"Аналитик направления цифрового маркетинга (BI\SQL\Python)",170000.0,210000.0,руб.,https://hh.ru/vacancy/48337321
"Data Engineer в Сбере",None,None,None,https://hh.ru/vacancy/47301392
"Data Engineer в Сбере",None,None,None,https://hh.ru/vacancy/47301394
"Data Engineer в Сбере",None,None,None,https://hh.ru/vacancy/47301396
"DevOps",280000.0,None,руб.,https://hh.ru/vacancy/48587640
"Аналитик данных",None,None,None,https://hh.ru/vacancy/46241509
"QA Engineer",150000.0,None,руб.,https://hh.ru/vacancy/48545360
"QA в команды инфрастуктуры frontend и безопасности",None,None,None,https://hh.ru/vacancy/47892571
"Преподаватель курсов программирования детям (удалённо)",None,50000.0,руб.,https://hh.ru/vacancy/48480218
"Senior QA инженер",None,None,None,https://hh.ru/vacancy/47759634
"DevOps - инженер в Сбере",None,None,None,https://hh.ru/vacancy/47300834
"DevOps - инженер в Сбере",None,None,None,https://hh.ru/vacancy/47300835
"DevOps - инженер в Сбере",None,None,None,https://hh.ru/vacancy/47300838
"Ведущий аналитик в Отдел отчетности и аналитики",None,None,None,https://hh.ru/vacancy/48491627
"Python Developer",None,None,None,https://hh.ru/vacancy/47706289
"Python разработчик (в офис)",140000.0,None,руб.,https://hh.ru/vacancy/47776110
"Python Developer",None,None,None,https://hh.ru/vacancy/47745733
"Ведущий разработчик Python",None,None,None,https://hh.ru/vacancy/47835914
"Python + DS-ML разработчик",None,None,None,https://hh.ru/vacancy/47740495
"Python Разработчик",None,None,None,https://hh.ru/vacancy/47792755
"Программист Python",None,None,None,https://hh.ru/vacancy/47732044
"Инженер-программист Python",None,None,None,https://hh.ru/vacancy/45398264
"Веб-разработчик Python",120000.0,150000.0,руб.,https://hh.ru/vacancy/47803565
"Программист Python + Go",None,None,None,https://hh.ru/vacancy/47740522
"Ведущий разработчик Python",None,None,None,https://hh.ru/vacancy/44013948
"Python-разработчик/Senior Python-разработчик",None,None,None,https://hh.ru/vacancy/44790039
"Senior Python Developer",None,None,None,https://hh.ru/vacancy/44878097
"Python Developer",None,None,None,https://hh.ru/vacancy/47735678
"Python программист (MaxPatrol 10)",None,None,None,https://hh.ru/vacancy/47729075
"Ведущий Python разработчик",None,None,None,https://hh.ru/vacancy/47966787
"Python Developer",None,None,None,https://hh.ru/vacancy/47897062
"Senior Python разработчик",None,350000.0,руб.,https://hh.ru/vacancy/47934541
"Python Developer",None,None,None,https://hh.ru/vacancy/43910922
"Старший python разработчик",None,None,None,https://hh.ru/vacancy/47966813
"Data Engineer",None,None,None,https://hh.ru/vacancy/47159731
"Manual QA Engineer ‎(World of Tanks Blitz)‎",None,None,None,https://hh.ru/vacancy/46127413
"QA специалист в команду Биллинга",150000.0,None,руб.,https://hh.ru/vacancy/47251783
"DBA Engineer (PostgreSQL)",None,None,None,https://hh.ru/vacancy/48434289
"Специалист по тестированию",150000.0,None,руб.,https://hh.ru/vacancy/40585500
"Dev-ops инженер",None,None,None,https://hh.ru/vacancy/47644069
"Game Analyst (World Of Tanks Blitz)",None,None,None,https://hh.ru/vacancy/47048268
"Middle / Senior Machine Learning Engineer",None,None,None,https://hh.ru/vacancy/48419707
"Backend - разработчик",270000.0,None,руб.,https://hh.ru/vacancy/48099539
"Information Security Engineer",None,None,None,https://hh.ru/vacancy/45433121
"Senior/Lead Product Analyst",None,None,None,https://hh.ru/vacancy/48420256
"Системный аналитик",None,None,None,https://hh.ru/vacancy/48407226
"Разработчик .NET (C#)",180000.0,None,руб.,https://hh.ru/vacancy/46783282
"CRM-маркетолог/Email-маркетолог",None,None,None,https://hh.ru/vacancy/48081263
"Разработчик Python (Junior)",None,None,None,https://hh.ru/vacancy/48361728
"Разработчик Python (Junior)",80000.0,None,руб.,https://hh.ru/vacancy/48249561
"Junior Python Developer",None,None,None,https://hh.ru/vacancy/48500526
"Стажер-разработчик бэкенда (Python)",None,None,None,https://hh.ru/vacancy/48502238
"Разработчик Python",None,None,None,https://hh.ru/vacancy/47679779
"Программист Python",100000.0,None,руб.,https://hh.ru/vacancy/48066727
"Руководитель разработки платформы (Python)",250000.0,320000.0,руб.,https://hh.ru/vacancy/47938157
"Senior/Middle backend-разработчик (Python, Django)",180000.0,250000.0,руб.,https://hh.ru/vacancy/43298031
"Python backend developer (middle)",None,None,None,https://hh.ru/vacancy/47102211
"QA automation engineer (Python)",None,None,None,https://hh.ru/vacancy/47935959
"Инженер-разработчик (программист Python)",None,None,None,https://hh.ru/vacancy/46447886
"Python Backend Developer / WEB - разработчик",185000.0,None,руб.,https://hh.ru/vacancy/46123925
"Технический лид автоматических тестов GUI (Python, Squish)",4000.0,None,USD,https://hh.ru/vacancy/45657026
"Machine Learning Engineer",200000.0,350000.0,руб.,https://hh.ru/vacancy/47870154
"Python Developer/DevOps",None,None,None,https://hh.ru/vacancy/48479694
"Data Scientist/ NLP Data Scientist",None,None,None,https://hh.ru/vacancy/47888208
"Преподаватель на курс "Основы Django Framework" (Python Django developer)",None,None,None,https://hh.ru/vacancy/48581593
"Senior data scientist",None,None,None,https://hh.ru/vacancy/48127855
"Middle Python developer",None,None,None,https://hh.ru/vacancy/48176706
"Python разработчик Middle",None,None,None,https://hh.ru/vacancy/40657939
"Разработчик ботов (Python & JS)",None,None,None,https://hh.ru/vacancy/47604314
"Python Developer (World of Tanks)",None,None,None,https://hh.ru/vacancy/47146423
"Machine Learning Engineer",None,None,None,https://hh.ru/vacancy/48219689
"QA инженер (Python)",None,None,None,https://hh.ru/vacancy/48489811
"Senior Python Developer",None,None,None,https://hh.ru/vacancy/46298925
"Data Scientist (Senior)",None,400000.0,руб.,https://hh.ru/vacancy/48481600
"QA Automation Engineer (Python) / MS-1",None,None,None,https://hh.ru/vacancy/48297925
"Computer Vision Data Scientist/Data Scientist",None,None,None,https://hh.ru/vacancy/48502304
"Senior Data Scientist (ESG)",180000.0,400000.0,руб.,https://hh.ru/vacancy/48501407
"Data Science/Data Analyst/Data Engineer",150000.0,430000.0,руб.,https://hh.ru/vacancy/48485592
"Senior Python Developer",None,None,None,https://hh.ru/vacancy/46298925
"Методист по Python",None,None,None,https://hh.ru/vacancy/48236000
"Middle/Senior Data Scientist (Recommender Systems)",220000.0,300000.0,руб.,https://hh.ru/vacancy/46476387
"Data Scientist",100000.0,None,руб.,https://hh.ru/vacancy/47771100
"Senior data scientist",None,None,None,https://hh.ru/vacancy/48127855
"Data Scientist",100000.0,None,руб.,https://hh.ru/vacancy/48118086
"Ведущий специалист по мониторингу интернет-ресурсов со знанием Python",50000.0,None,руб.,https://hh.ru/vacancy/48488258
"Разработчик SQL/C#/JavaScript (дистанционный формат)",None,150000.0,руб.,https://hh.ru/vacancy/47737966
"Специалист Data Science",100000.0,200000.0,руб.,https://hh.ru/vacancy/46857375
"Junior Data Engineer",None,None,None,https://hh.ru/vacancy/48371178
"Machine Learning Engineer (Remote/ relocate to Riga)",6000.0,8000.0,USD,https://hh.ru/vacancy/48551599
"Ведущий разработчик (Full stack, Team lead)",400000.0,None,руб.,https://hh.ru/vacancy/47640922
"Data scientist",None,None,None,https://hh.ru/vacancy/47936808
"Ведущий разработчик back-end / разработчик (Python)",None,None,None,https://hh.ru/vacancy/48405626
"Python Full Stack Developer (FrontEnd)",200000.0,350000.0,руб.,https://hh.ru/vacancy/48571444
"Python разработчик (Junior+/Middle)",None,None,None,https://hh.ru/vacancy/46889685
"DevOps Engineer",250000.0,None,руб.,https://hh.ru/vacancy/48220829
"QA automation engineer (Python)",None,None,None,https://hh.ru/vacancy/47935959
"Преподаватель на курс "Основы Django Framework" (Python Django developer)",None,None,None,https://hh.ru/vacancy/48581593
"Middle Python Developer (Cybersecurity, SOC)",None,None,None,https://hh.ru/vacancy/47453852
"Automation QA (Python)",None,None,None,https://hh.ru/vacancy/29323728
"DevOps инженер",None,400000.0,руб.,https://hh.ru/vacancy/48259521
"Python/Go Developer (Central Services)",None,None,None,https://hh.ru/vacancy/44686561
"Инженер по автоматизации тестирования (Python)",None,None,None,https://hh.ru/vacancy/46351768
"Team Lead Python",None,None,None,https://hh.ru/vacancy/46598477
"Middle/Senior Python-разработчик в SberDevices (направление SmartApp)",None,None,None,https://hh.ru/vacancy/41096400
"Преподаватель Big data, Hadoop, SQL, Java",None,200000.0,руб.,https://hh.ru/vacancy/47989913
"Аналитик данных / Data scientist",None,None,None,https://hh.ru/vacancy/46639991
"Data Analyst",200000.0,None,руб.,https://hh.ru/vacancy/46956576
"Senior backend Engineer Python(asyncio)/Go",200000.0,300000.0,руб.,https://hh.ru/vacancy/48472121
"Data Engineer (Python/Java)",None,None,None,https://hh.ru/vacancy/41763219
"Аналитик данных (SQL, Python) в команду развития технологий контактного центра",None,None,None,https://hh.ru/vacancy/48538991
"Data Scientist  / Разработчик математических алгоритмов и методик диагностирования",None,None,None,https://hh.ru/vacancy/48435453
"Senior Developer ( Python ) – разработчик",None,None,None,https://hh.ru/vacancy/46865384
"Junior Data-аналитик / Аналитик данных / Data Analyst",None,None,None,https://hh.ru/vacancy/48236458
"Python разработчик в SberDevices (команда Intelligent Search)",None,None,None,https://hh.ru/vacancy/43201449
"Разработчик ETL/data engineer",150000.0,None,руб.,https://hh.ru/vacancy/48265757
"BI Engineer (Tableau)",250000.0,None,руб.,https://hh.ru/vacancy/47882723
"Go (GoLang) Developer",1500.0,4000.0,USD,https://hh.ru/vacancy/47855852
"Senior QA Engineer (Automation)",200000.0,300000.0,руб.,https://hh.ru/vacancy/45562054
"Инженер по автоматизации тестирования (Python)",70000.0,150000.0,руб.,https://hh.ru/vacancy/48536422
"Python-разработчик в SberDevices (core-навык голосового ассистента)",None,None,None,https://hh.ru/vacancy/46257924
"Data science (Big Data аналитик)",None,None,None,https://hh.ru/vacancy/48585168
"Data Scientist",None,None,None,https://hh.ru/vacancy/48500730
"QA Еngineer (Automation)",None,200000.0,руб.,https://hh.ru/vacancy/48169559
"Backend-разработчик (Go, Golang)",160000.0,None,руб.,https://hh.ru/vacancy/48099133
"TeamLead Python-разработчик в SberDevices (направление SmartApp)",None,None,None,https://hh.ru/vacancy/41058653
"Программист встроенных систем Linux",250000.0,350000.0,руб.,https://hh.ru/vacancy/48118337
"Аналитик - разработчик по анонимизации данных (Data Masking)",120000.0,None,руб.,https://hh.ru/vacancy/47971135
"Математик/ Специалист по математическому моделированию/ Инженер-математик",90000.0,120000.0,руб.,https://hh.ru/vacancy/48539147
"Back-end Developer (Node/Java/Python)",None,None,None,https://hh.ru/vacancy/46222999
"Senior QA Automation (Web) Engineer",3500.0,4500.0,USD,https://hh.ru/vacancy/48432880
"Data engineer",None,None,None,https://hh.ru/vacancy/46440789
"Backend разработчик",160000.0,None,руб.,https://hh.ru/vacancy/47309006
"Senior Data Scientist",None,None,None,https://hh.ru/vacancy/48136307
"Data Scientist",None,None,None,https://hh.ru/vacancy/48594604
"Data Scientist",None,None,None,https://hh.ru/vacancy/45920692
"Senior Python разработчик в SberDevices (команда SmartMarket/Brain)",None,None,None,https://hh.ru/vacancy/42667366
"Разработчик C++ в команду видео-инфраструктуры (backend)",150000.0,None,руб.,https://hh.ru/vacancy/48099156
"DevOps-инженер (Junior)",None,150000.0,руб.,https://hh.ru/vacancy/47954998
"Программист встроенных систем Linux",250000.0,350000.0,руб.,https://hh.ru/vacancy/48118337
"Ведущий ИТ-инженер (Python, Go)",None,None,None,https://hh.ru/vacancy/48538328
"Аналитик Данных/ Data Analyst",None,None,None,https://hh.ru/vacancy/45646104
"Data Scientist (СМБ/КИБ)",None,None,None,https://hh.ru/vacancy/48494343
"Аналитик данных (Data Engineer)",None,None,None,https://hh.ru/vacancy/48562153
"Разработчик сетевого программного обеспечения (удаленно)",None,300000.0,руб.,https://hh.ru/vacancy/44789573
"Аналитик данных/ Data Analyst (DWH / DataLake)",None,None,None,https://hh.ru/vacancy/47517285
"QA Еngineer (Automation)",None,200000.0,руб.,https://hh.ru/vacancy/48169559
"Data Engineer",None,None,None,https://hh.ru/vacancy/48083116
"Аналитик данных",150000.0,None,руб.,https://hh.ru/vacancy/48277000
"Data Engineer (Data Platform)",None,None,None,https://hh.ru/vacancy/48347158
"Big Data Developer",None,None,None,https://hh.ru/vacancy/47937531
"Data Engineer",None,None,None,https://hh.ru/vacancy/45245820
"DevOps engineer",5000.0,None,USD,https://hh.ru/vacancy/47175180
"Data Engineer (удаленно)",None,None,None,https://hh.ru/vacancy/48494785
"Data Аналитик",200000.0,None,руб.,https://hh.ru/vacancy/47671773
"Data Scientist/Data Analyst",None,None,None,https://hh.ru/vacancy/47586416
"Эксперт (Data analyst/data engineer)",None,None,None,https://hh.ru/vacancy/43840347
"Разработчик БД",160000.0,None,руб.,https://hh.ru/vacancy/48535086
"Senior data engineer",None,None,None,https://hh.ru/vacancy/47803313
"Backend-разработчик в Evrone (Ruby)",None,340000.0,руб.,https://hh.ru/vacancy/48467436
"Ведущий аналитик Data Scientist",None,None,None,https://hh.ru/vacancy/48502952
"Разработчик\ Data Engineer (SQL\Oracle)",None,None,None,https://hh.ru/vacancy/47851688
"DevOps-инженер",90000.0,120000.0,руб.,https://hh.ru/vacancy/48452071
"Data Analyst",None,None,None,https://hh.ru/vacancy/46044958
"DevOps-инженер (Remote)",None,250000.0,руб.,https://hh.ru/vacancy/48421105
"Data Engineer",None,None,None,https://hh.ru/vacancy/47101277
"Тестировщик ПО / QA Engineer",None,None,None,https://hh.ru/vacancy/48555187
"Machine Learning Engineer",None,None,None,https://hh.ru/vacancy/45600763
"Разработчик Power BI",None,None,None,https://hh.ru/vacancy/48457103
"Senior Research Engineer",230000.0,300000.0,руб.,https://hh.ru/vacancy/46571658
"Аналитик данных / Data analyst",None,None,None,https://hh.ru/vacancy/48594399
"Machine Learning Engineer",None,None,None,https://hh.ru/vacancy/46999042
"Devops инженер / Junior Devops",70000.0,150000.0,руб.,https://hh.ru/vacancy/48563116
"DevOps инженер",None,None,None,https://hh.ru/vacancy/48190039
"Аналитик по машинному обучению",80000.0,None,руб.,https://hh.ru/vacancy/47383305
"Junior Data Engineer (GameDev)",80000.0,None,руб.,https://hh.ru/vacancy/48060723
"Разработчик решений Big Data",None,None,None,https://hh.ru/vacancy/48342007
"Back-end разработчик (продукты семейства IBM Tivoli)",None,None,None,https://hh.ru/vacancy/48283372
"Data Engineer",None,None,None,https://hh.ru/vacancy/48500744
"Инженер данных/Разработчик ETL",None,None,None,https://hh.ru/vacancy/47172435
"Senior Аналитик данных / Продуктовый аналитик (IT продукт)",190000.0,300000.0,руб.,https://hh.ru/vacancy/47456048
"Middle Machine Learning Engineer",None,None,None,https://hh.ru/vacancy/44691367
"Аналитик данных/ Data Analyst (DWH / DataLake)",None,None,None,https://hh.ru/vacancy/47517285
"Инженер по автоматизации тестирования/QA Automation Engineer",200000.0,None,руб.,https://hh.ru/vacancy/46956583
"Backend разработчик (ведущий инженер-программист)",None,None,None,https://hh.ru/vacancy/48496004
"Data Engineer Middle",120000.0,160000.0,руб.,https://hh.ru/vacancy/46823836
"Senior Data Engineer/DWH",None,None,None,https://hh.ru/vacancy/47859001
"DevOps / Системный администратор",None,250000.0,руб.,https://hh.ru/vacancy/48338721
"DevOps инженер",None,None,None,https://hh.ru/vacancy/48578986
"Разработчик BI/Аналитик BI",170000.0,250000.0,руб.,https://hh.ru/vacancy/48433570
"Machine Learning Engineer",None,None,None,https://hh.ru/vacancy/46999042
"Разработчик баз данных PostgreSQL",None,None,None,https://hh.ru/vacancy/48019903
"Senior/Middle Django разработчик (удаленно)  (ИТ-разработка и консалтинг для крупного бизнеса)",120000.0,250000.0,руб.,https://hh.ru/vacancy/48256381
"Data Engineer (Market Data Platform)",3500.0,None,EUR,https://hh.ru/vacancy/48545383
"Team Lead команды разработки (Python)",None,None,None,https://hh.ru/vacancy/48563806
"Senior DevOps Engineer",6000.0,9000.0,USD,https://hh.ru/vacancy/48525300
"DevOps инженер",None,None,None,https://hh.ru/vacancy/48190039
"Devops инженер / Junior Devops",70000.0,150000.0,руб.,https://hh.ru/vacancy/48563116
"Преподаватель по Data Science",None,None,None,https://hh.ru/vacancy/47667494
"Data Scientist/Data Analyst",None,None,None,https://hh.ru/vacancy/47586416
"Junior DevOps/Младший системный администратор (SRE)",None,150000.0,руб.,https://hh.ru/vacancy/48029451
"Senior Data Engineer",None,None,None,https://hh.ru/vacancy/45811421
"Application Security Engineer",300000.0,None,руб.,https://hh.ru/vacancy/47882567
"Senior Golang Developer",220000.0,350000.0,руб.,https://hh.ru/vacancy/48186056
"Спикер-преподаватель на онлайн курс "Автоматизированное тестирование ПО на Python"",None,None,None,https://hh.ru/vacancy/48515510
"Senior Data Analyst в Skysmart",220000.0,260000.0,руб.,https://hh.ru/vacancy/46795830
"Разработчик ETL / Data Engineer",None,None,None,https://hh.ru/vacancy/48559350
"Ведущий аналитик Data Scientist",None,None,None,https://hh.ru/vacancy/48502952
"Data engineer",None,None,None,https://hh.ru/vacancy/48520797
"Data Engineer",None,None,None,https://hh.ru/vacancy/48083116
"Data Engineer",None,None,None,https://hh.ru/vacancy/46949347
"Junior DevOps инженер",80000.0,110000.0,руб.,https://hh.ru/vacancy/47776699
"Data analyst",None,None,None,https://hh.ru/vacancy/48368091
"Senior Backend Developer (Robotics, Backend)",250000.0,None,руб.,https://hh.ru/vacancy/45830412
"Middle/Senior Data scientist (департамент SberData)",None,None,None,https://hh.ru/vacancy/48375523
"Senior/Lead Data Analyst",None,None,None,https://hh.ru/vacancy/48306716
"Аналитик данных / Data analyst",None,None,None,https://hh.ru/vacancy/48594399
"Программист C/С++",60000.0,130000.0,руб.,https://hh.ru/vacancy/47733722
"Программист-разработчик (middle developer)",None,None,None,https://hh.ru/vacancy/48536319
"Data Scientist (Отдел исследования данных, департамент SberData)",None,None,None,https://hh.ru/vacancy/47567273
"Data Analyst\Data Scientist",None,None,None,https://hh.ru/vacancy/46949908
"Инженер машинного обучения (Machine Learning Engineer)",None,None,None,https://hh.ru/vacancy/47488001
"QA Automation Engineer",180000.0,270000.0,руб.,https://hh.ru/vacancy/46584281
"Senior С++ Developer",230000.0,None,руб.,https://hh.ru/vacancy/46896438
"Test Automation Engineer",150000.0,None,руб.,https://hh.ru/vacancy/47719291
"Senior/Middle GoLang Developer",150000.0,400000.0,руб.,https://hh.ru/vacancy/47993388
"Junior data analyst",None,None,None,https://hh.ru/vacancy/45603450
"Инженер по автоматизации тестирования",None,None,None,https://hh.ru/vacancy/47846003
"Data analyst",None,None,None,https://hh.ru/vacancy/47891762
"Deep Learning Performance Engineer, HPC",None,None,None,https://hh.ru/vacancy/48048666
"Software tester / QA Engineer",100000.0,None,руб.,https://hh.ru/vacancy/47985898
"Аналитик данных",100000.0,100000.0,руб.,https://hh.ru/vacancy/47910291
"Software Backend Developer (remote)",3000.0,4000.0,USD,https://hh.ru/vacancy/48293784
"Data Analyst в B2B",130000.0,180000.0,руб.,https://hh.ru/vacancy/47688844
"Senior Data Engineer",None,None,None,https://hh.ru/vacancy/48538984
"Автотестировщик QA",220000.0,280000.0,руб.,https://hh.ru/vacancy/48516336
"ML/AI Lead",None,None,None,https://hh.ru/vacancy/47714597
"QA Automation Engineer",None,None,None,https://hh.ru/vacancy/48415950
"Системный администратор Linux/DevOps engineer (remote)",160000.0,250000.0,руб.,https://hh.ru/vacancy/47928791
"Системный администратор Devops",60000.0,150000.0,руб.,https://hh.ru/vacancy/47733848
"QA Automation Engineer",None,None,None,https://hh.ru/vacancy/48304345
"QA Engineer Senior/Middle (удаленно)",None,None,None,https://hh.ru/vacancy/48077787
"Network Engineer",5000.0,8000.0,USD,https://hh.ru/vacancy/48584233
"Research Scientist – Mathematics, Physics, Computer Science",None,None,None,https://hh.ru/vacancy/48595232
"QA Automation Engineer (API)",None,None,None,https://hh.ru/vacancy/48246615
"Специалист по тестированию ПО / QA Engineer",80000.0,None,руб.,https://hh.ru/vacancy/48075482
"Программист-разработчик",None,None,None,https://hh.ru/vacancy/48524527
"DevOps/ Системный администратор",150000.0,350000.0,руб.,https://hh.ru/vacancy/46988536
"Data Scientist RecSys",None,None,None,https://hh.ru/vacancy/47624259
"Разработчик C#/React (Ценовой центр)",300000.0,None,руб.,https://hh.ru/vacancy/48534716
"Data Analyst",None,None,None,https://hh.ru/vacancy/48581090
"Ведущий Data Engineer, Ozon Express",None,None,None,https://hh.ru/vacancy/44158212
"QA Engineer/Тестировщик программного обеспечения",120000.0,None,руб.,https://hh.ru/vacancy/44838687
"Data engineer/Analyst DWH (Автоматизация управленческой отчётности)",None,None,None,https://hh.ru/vacancy/48513621
"CI Engineer",5000.0,None,USD,https://hh.ru/vacancy/39890802
"Методист по Data science",None,None,None,https://hh.ru/vacancy/48236033
"Full-Stack QA Engineer",None,None,None,https://hh.ru/vacancy/44569927
"Инженер-Тестировщик программного обеспечения",None,160000.0,руб.,https://hh.ru/vacancy/48494380
"Full-stack разработчик (back-end node.js)",150000.0,220000.0,руб.,https://hh.ru/vacancy/48434225
"Аналитик в команду аналитического центра",None,None,None,https://hh.ru/vacancy/48253322
"Middle/Senior Data Scientist (NLP)",None,None,None,https://hh.ru/vacancy/47791818
"Software Engineer – QA automation",None,None,None,https://hh.ru/vacancy/48304383
"Quantum Computing Research Engineer",None,None,None,https://hh.ru/vacancy/47697410
"Senior Data Engineer/Data Engineer",None,None,None,https://hh.ru/vacancy/45600818
"Lead QA-инженер (Тестировщик)",200000.0,450000.0,руб.,https://hh.ru/vacancy/47689458
"Лингвист-разработчик",140000.0,None,руб.,https://hh.ru/vacancy/48535218
"DevOps, Ведущий системный администратор",None,150000.0,руб.,https://hh.ru/vacancy/47751478
"Middle QA engineer\ Инженер по тестированию",None,None,None,https://hh.ru/vacancy/47695922
"Разработчик",120000.0,210000.0,руб.,https://hh.ru/vacancy/47846887
"Deep Learning Engineer",None,None,None,https://hh.ru/vacancy/44531061
"AWS DevOps Engineer",None,None,None,https://hh.ru/vacancy/47945919
"Python Team Lead (Content)",None,None,None,https://hh.ru/vacancy/48494590
"Senior Data engineer",None,None,None,https://hh.ru/vacancy/47816981
"Программист-разработчик",130000.0,None,руб.,https://hh.ru/vacancy/47260340
"Data Engineer",None,None,None,https://hh.ru/vacancy/45396149
"Инженер нагрузочного тестирования",None,None,None,https://hh.ru/vacancy/45367482
"DevOps engineer",None,250000.0,руб.,https://hh.ru/vacancy/48574544
"Business Data Engineer / Data Analyst",None,None,None,https://hh.ru/vacancy/47695217
"Разработчик DWH",None,None,None,https://hh.ru/vacancy/47847308
"С++ разработчик (junior)",100000.0,160000.0,руб.,https://hh.ru/vacancy/48126627
"QA Engineer (Backend)",None,None,None,https://hh.ru/vacancy/48477063
"Middle C++ Developer",None,None,None,https://hh.ru/vacancy/48372985
"Middle DevOps Engineer",None,None,None,https://hh.ru/vacancy/47978112
"DevOps Engineer",3000.0,4000.0,EUR,https://hh.ru/vacancy/48468342
"Golang-разработчик",None,None,None,https://hh.ru/vacancy/48294433
"Back-end javascript программист",None,200000.0,руб.,https://hh.ru/vacancy/45987177
"DevOps engineer",None,None,None,https://hh.ru/vacancy/48532571
"Эксперт-преподаватель (Machine Learning)",None,None,None,https://hh.ru/vacancy/48585046
"Программист-разработчик (STM32, C/C++) - автономные роботы и навигация",40000.0,150000.0,руб.,https://hh.ru/vacancy/48585485
"Data Scientist в службу рекомендательных систем и улучшения качества поиска Яндекс.Маркета",None,None,None,https://hh.ru/vacancy/45302142
"Разработчик Go (Clickstream)",None,None,None,https://hh.ru/vacancy/47732598
"Linux инженер",160000.0,220000.0,руб.,https://hh.ru/vacancy/46720704
"Web-аналитик",200000.0,220000.0,руб.,https://hh.ru/vacancy/47848903
"C++ developer - Quantum",None,None,None,https://hh.ru/vacancy/48382985
"Администратор приложения/ DevOps инженер",None,None,None,https://hh.ru/vacancy/48159874
"Go/Golang Developer",4000.0,8000.0,USD,https://hh.ru/vacancy/47808303
"Администратор приложения/ DevOps инженер",None,None,None,https://hh.ru/vacancy/48159874
"Ведущий инженер-программист (математик)",None,None,None,https://hh.ru/vacancy/46318089
"Разработчик C/C++",None,None,None,https://hh.ru/vacancy/40607497
"Инженер-программист",None,None,None,https://hh.ru/vacancy/48208446
"Инженер данных",None,170000.0,руб.,https://hh.ru/vacancy/44920115
"DevOps инженер",None,None,None,https://hh.ru/vacancy/47661620
"Application Developer (Linux)/разработчик прикладных решений (Linux)",None,None,None,https://hh.ru/vacancy/48441067
"DevOps, Ведущий системный администратор",None,150000.0,руб.,https://hh.ru/vacancy/47751478
"Тестировщик (QA engineer)",120000.0,180000.0,руб.,https://hh.ru/vacancy/48376438
"Senior Data Engineer (Remote)",None,None,None,https://hh.ru/vacancy/47776969
"DevOps/ Системный администратор",150000.0,350000.0,руб.,https://hh.ru/vacancy/46988536
"Security engineer",150000.0,300000.0,руб.,https://hh.ru/vacancy/45684011
"Power BI Engineer",None,None,None,https://hh.ru/vacancy/47728504
"DevOps engineer",None,None,None,https://hh.ru/vacancy/48532571
"Разработчик на С#",160000.0,180000.0,руб.,https://hh.ru/vacancy/48476402
"Front-end Developer (Кипр)",3500.0,5500.0,EUR,https://hh.ru/vacancy/47296971
"Аналитик Middle",150000.0,None,руб.,https://hh.ru/vacancy/46442114
"Разработчик интерфейсов (Программист на QT/PyQT)",90000.0,150000.0,руб.,https://hh.ru/vacancy/46889639
"Риск-менеджер (аналитик/эксперт в методологической группе)",None,None,None,https://hh.ru/vacancy/47911662
"DevOps инженер",None,None,None,https://hh.ru/vacancy/47970092
"Product Analyst",None,None,None,https://hh.ru/vacancy/45421287
"Backend developer (PHP, remote)",100000.0,200000.0,руб.,https://hh.ru/vacancy/48191756
"Разработчик в отдел тестирования",150000.0,200000.0,руб.,https://hh.ru/vacancy/47864417
"Analytic trainee (IT и инженерные кейсы) / Стажер аналитик",None,None,None,https://hh.ru/vacancy/47611213
"Hadoop Developer (Главный программист)",None,None,None,https://hh.ru/vacancy/45727302
"DevOps инженер",100000.0,None,руб.,https://hh.ru/vacancy/48486901
"Тестировщик (QA engineer)",120000.0,180000.0,руб.,https://hh.ru/vacancy/48376438
"Разработчик интерфейсов (Программист на QT/PyQT)",90000.0,150000.0,руб.,https://hh.ru/vacancy/46889639
"PHP-программист (Back-end)",180000.0,250000.0,руб.,https://hh.ru/vacancy/44362855
"Ведущий Java разработчик",200000.0,None,руб.,https://hh.ru/vacancy/47299391
"Ведущий инженер по автоматизированному тестированию (frontend)",None,None,None,https://hh.ru/vacancy/47086837
"QA Engineer",None,None,None,https://hh.ru/vacancy/46819473
"Инженер по тестированию (QA engineer)",100000.0,150000.0,руб.,https://hh.ru/vacancy/47889866
"DevOps инженер",None,None,None,https://hh.ru/vacancy/47661620
"Системный администратор с функциями DevOps - инженера",None,None,None,https://hh.ru/vacancy/47928012
"Image Processing/Computer Vision Research Engineer",None,None,None,https://hh.ru/vacancy/47697295
"Senior QA Automation Engineer",None,None,None,https://hh.ru/vacancy/47889184
"Разработчик DWH",None,None,None,https://hh.ru/vacancy/48517101
"QA Automation Engineer",80000.0,150000.0,руб.,https://hh.ru/vacancy/47711759
"Архитектор инфраструктуры big data",None,None,None,https://hh.ru/vacancy/48014452
"DevOps инженер",None,None,None,https://hh.ru/vacancy/48475865
"DevOps-инженер, администратор",190000.0,210000.0,руб.,https://hh.ru/vacancy/48208623
"Middle Quantitative Researcher",None,None,None,https://hh.ru/vacancy/48100101
"Software Engineer/Инженер-программист",200000.0,None,руб.,https://hh.ru/vacancy/48493308
"DevOps специалист",None,None,None,https://hh.ru/vacancy/48382830
"Инженер по тестированию беспилотных транспортных средств",None,None,None,https://hh.ru/vacancy/47167999
"Программист C++/Qt",100000.0,180000.0,руб.,https://hh.ru/vacancy/46004471
"Junior Golang Developer",None,None,None,https://hh.ru/vacancy/48514937
"Старший разработчик C/C++ (PT XDR)",None,None,None,https://hh.ru/vacancy/46736256
"Младший аналитик данных",None,None,None,https://hh.ru/vacancy/48544972
"SQL Аналитик",None,None,None,https://hh.ru/vacancy/48571886
"Преподаватель курса "Data Scientist" в Skypro",None,None,None,https://hh.ru/vacancy/47967383
"Deep Learning Research Engineer (Full-body avatar project)",None,None,None,https://hh.ru/vacancy/48556000
"Инженер по внедрению (DevOps)",None,None,None,https://hh.ru/vacancy/47726880
"Исследователь программного обеспечения",None,None,None,https://hh.ru/vacancy/46574326
"Software Validation Engineer (DevOps, Computer Vision)",None,None,None,https://hh.ru/vacancy/46029878
"Full- Stack разработчик",140000.0,230000.0,руб.,https://hh.ru/vacancy/47845838
"BI Аналитик",None,None,None,https://hh.ru/vacancy/48587677
"QA Engineer/Тестировщик программного обеспечения",None,None,None,https://hh.ru/vacancy/48407180
"Дата-инженер в команду аналитики беспилотных автомобилей",None,None,None,https://hh.ru/vacancy/48024583
"Разработчик Java, PL/SQL",None,None,None,https://hh.ru/vacancy/47141719
"Программист С++",None,None,None,https://hh.ru/vacancy/46455089
"Qlik Sense разработчик",None,None,None,https://hh.ru/vacancy/46732207
"Специалист по машинному обучению/обработке медизображений средствами искусственного интеллекта",None,None,None,https://hh.ru/vacancy/47735357
"Middle/Senior Frontend Developer (3D)",200000.0,320000.0,руб.,https://hh.ru/vacancy/48357391
"SRE/DevOps for Infrastructure Team [Remote]",None,None,None,https://hh.ru/vacancy/45702201
"Backend Developer",None,None,None,https://hh.ru/vacancy/47439094
"Разработчик C/C++ (DPDK-приложения)",90000.0,150000.0,руб.,https://hh.ru/vacancy/48540293
"Junior Golang Developer",None,None,None,https://hh.ru/vacancy/48514937
"QA Automation Engineer (backend/frontend)",None,None,None,https://hh.ru/vacancy/46954523
"Senior С++ developer (self-driving)",None,None,None,https://hh.ru/vacancy/48058143
"Application Developer Big Data",None,None,None,https://hh.ru/vacancy/48415474
"Senior Test Automation Engineer",None,None,None,https://hh.ru/vacancy/48577035
"Ведущий инженер по тестированию мобильных приложений",None,None,None,https://hh.ru/vacancy/46745064
"Lead Data Scientist (technical product manager)",None,None,None,https://hh.ru/vacancy/46527058
"Продуктовый аналитик (team lead)",None,None,None,https://hh.ru/vacancy/48103826
"Системный администратор Linux / Kubernetes (Middle DevOps инженер), удалённо",None,None,None,https://hh.ru/vacancy/48094229
"DevOps инженер",None,None,None,https://hh.ru/vacancy/47908798
"Linux senior Embedded/R&D Developer/старший разработчик для встраиваемых систем (Linux)",None,None,None,https://hh.ru/vacancy/48442401
"BI Analyst / BI Аналитик",120000.0,150000.0,руб.,https://hh.ru/vacancy/48477583
"Graph Computing Research Engineer",None,None,None,https://hh.ru/vacancy/47697437
"Team Lead Machine Learning",None,None,None,https://hh.ru/vacancy/48382151
"Senior QA Engineer",None,None,None,https://hh.ru/vacancy/47378529
"QA Automation Engineer",None,None,None,https://hh.ru/vacancy/41178269
"Архитектор инфраструктуры big data",None,None,None,https://hh.ru/vacancy/48014452
"Инженер по внедрению (DevOps)",None,None,None,https://hh.ru/vacancy/47726880
"Разработчик поискового ядра C++",None,None,None,https://hh.ru/vacancy/48585435
"DevOps инженер (ELK)",None,None,None,https://hh.ru/vacancy/48582748
"Software developer C++ (Программист С++)",None,None,None,https://hh.ru/vacancy/48560961
"Инженер по нагрузочному тестированию (Middle, Senior)",None,None,None,https://hh.ru/vacancy/47126906
"Fullstack developer / Teamlead",280000.0,380000.0,руб.,https://hh.ru/vacancy/48540664
"Deep Learning Leading Research Engineer (3D computer vision project)",None,None,None,https://hh.ru/vacancy/48555839
"Bare-Metal разработчик",None,None,None,https://hh.ru/vacancy/48524579
"Senior Node.js Developer",220000.0,350000.0,руб.,https://hh.ru/vacancy/43856261
"DevOps engineer Windows / Linux",None,None,None,https://hh.ru/vacancy/48158116
"Руководитель отдела углубленной аналитики (Data Science)",None,None,None,https://hh.ru/vacancy/46193714
"Математик-программист (руководитель группы)",None,None,None,https://hh.ru/vacancy/48084611
"Старший разработчик C/C++ (PT XDR)",None,None,None,https://hh.ru/vacancy/46736256
"Data scientist/разработка моделей оценки кредитного риска для клиентов малого и среднего бизнеса",None,None,None,https://hh.ru/vacancy/43694876
"Аналитик клиентского опыта / аналитик-исследователь клиентского опыта /CX Researcher /",None,None,None,https://hh.ru/vacancy/48216623
"Senior QA Automation Engineer",None,None,None,https://hh.ru/vacancy/46860961
"DevOps-инженер",None,None,None,https://hh.ru/vacancy/48532629
"DevOps engineer - CTT",None,None,None,https://hh.ru/vacancy/48347117
"Аналитик",None,46000.0,руб.,https://hh.ru/vacancy/48344619
"SRE/DevOps for Infrastructure Team [Remote]",None,None,None,https://hh.ru/vacancy/45702201
"DevOps в data-команду путешествий",None,None,None,https://hh.ru/vacancy/47710465
"Биостатистик / Biostatistician",None,None,None,https://hh.ru/vacancy/47826698
"Специалист по машинному обучению/обработке медизображений средствами искусственного интеллекта",None,None,None,https://hh.ru/vacancy/47735357
"QA Automation",None,None,None,https://hh.ru/vacancy/48503184
"Главный аналитик данных",None,None,None,https://hh.ru/vacancy/48296858
"Backend Engineer",150000.0,None,руб.,https://hh.ru/vacancy/48270242
"QA Automation Engineer",None,None,None,https://hh.ru/vacancy/41178269
"Аналитик",125000.0,None,руб.,https://hh.ru/vacancy/47399916
"IOS разработчик (удалённо)",None,250000.0,руб.,https://hh.ru/vacancy/48532577
"Web-разработчик (fullstack)",150000.0,None,руб.,https://hh.ru/vacancy/45772929
"Analyst BI",120000.0,150000.0,руб.,https://hh.ru/vacancy/48535860
"Аналитик SQL",None,None,None,https://hh.ru/vacancy/47077681
"C# Developer (ASP.NET)",200000.0,None,руб.,https://hh.ru/vacancy/44711980
"Инженер по нейросетям / ML Engineer",None,None,None,https://hh.ru/vacancy/48220520
"Инженер по обеспечению качества (тестировщик)",2000.0,3000.0,USD,https://hh.ru/vacancy/48045419
"Middle Quantitative Researcher",None,None,None,https://hh.ru/vacancy/48100101
"Senior Linux administrator/Linux Engineer",None,None,None,https://hh.ru/vacancy/45422000
"Devops Engineer",None,None,None,https://hh.ru/vacancy/48477262
"DevOps инженер",None,None,None,https://hh.ru/vacancy/48399927
"WebGL Engineer",None,None,None,https://hh.ru/vacancy/45680491
"DevOps в продуктовую команду",None,None,None,https://hh.ru/vacancy/46226143
"ETL-разработчик данных в Такси",None,None,None,https://hh.ru/vacancy/48588766
"PHP developer (insurance startup)",120000.0,None,руб.,https://hh.ru/vacancy/48051397
"Аналитик",125000.0,None,руб.,https://hh.ru/vacancy/47399916
"DevOps Lead",None,None,None,https://hh.ru/vacancy/47357970
"DevOps в data-команду путешествий",None,None,None,https://hh.ru/vacancy/47710465
"Fullstack developer",150000.0,None,руб.,https://hh.ru/vacancy/48302367
"Data Science Specialist / Business Analyst",None,None,None,https://hh.ru/vacancy/48523600
"QA manual",80000.0,120000.0,руб.,https://hh.ru/vacancy/47916985
"Разработчик на Си для embedded",120000.0,150000.0,руб.,https://hh.ru/vacancy/47775639
"Ведущий инженер-разработчик C/C++ (Network OS)",None,None,None,https://hh.ru/vacancy/48585647
"Senior QA Engineer",None,None,None,https://hh.ru/vacancy/42708753
"Продуктовый аналитик/Product analyst",None,None,None,https://hh.ru/vacancy/48177561
"QA Engineer/Тестировщик программного обеспечения",None,None,None,https://hh.ru/vacancy/48407180
"Руководитель группы Data scientist, Ozon Express",None,None,None,https://hh.ru/vacancy/45628833
"PHP-программист",50000.0,110000.0,руб.,https://hh.ru/vacancy/47777470
"С++ разработчик",None,None,None,https://hh.ru/vacancy/48548360
"Антифрод-аналитик",None,None,None,https://hh.ru/vacancy/46598629
"QA Engineer (SberDevices)",None,None,None,https://hh.ru/vacancy/48545632
"DevOps engineer (Gamedev)",None,None,None,https://hh.ru/vacancy/48569706
"Qa engineer (middle/middle+)",140000.0,None,руб.,https://hh.ru/vacancy/48442338
"Аналитик",None,None,None,https://hh.ru/vacancy/48199186
"DevOps консультант / DevOps разработчик",None,None,None,https://hh.ru/vacancy/48541455
"Инженер по нейросетям / ML Engineer",None,None,None,https://hh.ru/vacancy/48220520
"Frontend / JavaScript разработчик",160000.0,None,руб.,https://hh.ru/vacancy/48134672
"Разработчик Qlik Sense (удаленно)",None,None,None,https://hh.ru/vacancy/45630860
"DevOps (SRE)",None,None,None,https://hh.ru/vacancy/46458982
"Product analyst",None,None,None,https://hh.ru/vacancy/48502385
"Lead QA Engineer",None,None,None,https://hh.ru/vacancy/48549628
"Программист ETL",None,None,None,https://hh.ru/vacancy/48547327
"C++ Developer (Devices team)",None,None,None,https://hh.ru/vacancy/45344323
"DevOps Engineer (Rapid Prototyping)",None,None,None,https://hh.ru/vacancy/47483091
"DevOps-инженер/ Системный администратор",100000.0,None,руб.,https://hh.ru/vacancy/47756740
"DevOps Engineer Middle+/Senior",None,None,None,https://hh.ru/vacancy/44887689
"Аналитик BI",150000.0,None,руб.,https://hh.ru/vacancy/45653635
"Senior backend developer (ML Space AI Cloud)",None,None,None,https://hh.ru/vacancy/47722267
"Ведущий разработчик хранилищ данных DWH/ETL (можно удаленно)",None,None,None,https://hh.ru/vacancy/47987794
"Data Architect",None,None,None,https://hh.ru/vacancy/48412135
"Продуктовый аналитик",120000.0,None,руб.,https://hh.ru/vacancy/48339062
"Программист C/C++/C#",None,None,None,https://hh.ru/vacancy/48437641
"Senior/Middle Software developer in Test",None,None,None,https://hh.ru/vacancy/46955768
"System Analyst",None,None,None,https://hh.ru/vacancy/47979702
"Devops / SRE-инженер",None,None,None,https://hh.ru/vacancy/46914840
"Разработчик Rust",None,None,None,https://hh.ru/vacancy/47674989
"QA Engineer",None,None,None,https://hh.ru/vacancy/48494095
"Инженер по автоматическому тестированию (QA Automation)",None,None,None,https://hh.ru/vacancy/43716955
"Аналитик по работе с данными",None,None,None,https://hh.ru/vacancy/47670526
"Старший веб-аналитик",None,None,None,https://hh.ru/vacancy/48009340
"Team Lead (C++ / ML)",None,None,None,https://hh.ru/vacancy/46477374
"DevOps Team Lead",None,None,None,https://hh.ru/vacancy/48563252
"Аналитик данных / Аналитик PowerBI",None,None,None,https://hh.ru/vacancy/48493857
"Senior Kernel Developer - KernelCare [Remote]",None,None,None,https://hh.ru/vacancy/45770028
"Младший системный администратор / devops-инженер",None,None,None,https://hh.ru/vacancy/45620435
"Аналитик",None,None,None,https://hh.ru/vacancy/48489002
"Инженер по внедрению и техподдержке телекоммуникационного биллинга",None,150000.0,руб.,https://hh.ru/vacancy/47449608
"Инженер по автоматизации тестирования, Рекламная платформа",None,None,None,https://hh.ru/vacancy/46298644
"Database Analyst / Panel Management Analyst",None,None,None,https://hh.ru/vacancy/48486473
"Senior Scala Developer / Scala Developer",None,None,None,https://hh.ru/vacancy/38122854
"Экономист-математик (исследование отраслевых рынков)",70000.0,140000.0,руб.,https://hh.ru/vacancy/48142384
"DevOps specialist - FX4Cash",None,None,None,https://hh.ru/vacancy/48374087
"Системный архитектор",None,400000.0,руб.,https://hh.ru/vacancy/47956851
"Биоинформатик",None,None,None,https://hh.ru/vacancy/47953191
"Преподаватель по программированию в онлайн-школу",None,75000.0,руб.,https://hh.ru/vacancy/48309143
"Разработчик / Старший разработчик направления Antifraud-решений",None,None,None,https://hh.ru/vacancy/44329609
"Developer C/C++",None,None,None,https://hh.ru/vacancy/42693005
"DevOps Engineer",None,None,None,https://hh.ru/vacancy/45496587
"Senior PHP Developer",None,None,None,https://hh.ru/vacancy/44631235
"Automation QA specialist",None,None,None,https://hh.ru/vacancy/48491288
"Программист Yii2",None,None,None,https://hh.ru/vacancy/48594098
"Java developer (Strong Middle)",None,None,None,https://hh.ru/vacancy/48245091
"Ведущий инженер эксперт по сопровождению инфраструктурных сервисов (SRE engineer / DevOps Engineer)",None,None,None,https://hh.ru/vacancy/46474144
"Специалист по тестированию ПО",None,None,None,https://hh.ru/vacancy/41758235
"Бизнес-аналитик sql",None,None,None,https://hh.ru/vacancy/48174567
"Quality Assurance Engineer",100000.0,None,руб.,https://hh.ru/vacancy/48070525
"Junior DevOps Инженер",None,None,None,https://hh.ru/vacancy/48470028
"Программист",50000.0,120000.0,руб.,https://hh.ru/vacancy/48143974
"Системный администратор Linux",None,None,None,https://hh.ru/vacancy/48336107
"Middle / Senior java-developer",None,None,None,https://hh.ru/vacancy/48447818
"DevOps engineer",None,None,None,https://hh.ru/vacancy/48494429
"Junior RPA Developer",None,400.0,USD,https://hh.ru/vacancy/48494116
"Аналитик данных",None,None,None,https://hh.ru/vacancy/44665118
"DevOps инженер",None,None,None,https://hh.ru/vacancy/48532429
"Аналитик SQL",None,None,None,https://hh.ru/vacancy/48220813
"DevOps-Инженер",None,None,None,https://hh.ru/vacancy/46546723
"Аналитик продукта",None,None,None,https://hh.ru/vacancy/48549269
"Analyst BI",120000.0,150000.0,руб.,https://hh.ru/vacancy/48535860
"Аналитик BI / DWH",None,None,None,https://hh.ru/vacancy/44191361
"Senior/Middle QA инженер",None,None,None,https://hh.ru/vacancy/47101486
"Regular/Senior DWH/ETL developer",None,None,None,https://hh.ru/vacancy/46969581
"Lead Data Analytics в Operation",None,None,None,https://hh.ru/vacancy/48055033
"Developer Fullstack Platform Ops",None,None,None,https://hh.ru/vacancy/48500677
"Специалист по анализу защищённости / пентестер в Инфосекьюрити",None,None,None,https://hh.ru/vacancy/48055366
"Старший аналитик, Data Science",None,None,None,https://hh.ru/vacancy/45482422
"WEB-аналитик",None,None,None,https://hh.ru/vacancy/47860222
"Data engineer [Oil & Gas] - Trainee",None,None,None,https://hh.ru/vacancy/48561131
"Аналитик (Lead / Senior)",None,None,None,https://hh.ru/vacancy/43485154
"Биоинформатик",None,200000.0,руб.,https://hh.ru/vacancy/46447357
"C/C++ Developer",None,None,None,https://hh.ru/vacancy/32569325
"Manual QA Engineer",None,None,None,https://hh.ru/vacancy/46863159
"Инженер по нагрузочному тестированию (проект SberID)",None,None,None,https://hh.ru/vacancy/46913002
"Разработчик облачного хранилища (Go)",None,None,None,https://hh.ru/vacancy/43522324
"Преподаватель по программированию для детей и подростков",None,None,None,https://hh.ru/vacancy/48537024
"Embedded разработчик системы тестирования лидаров в Беспилотные автомобили",None,None,None,https://hh.ru/vacancy/46351138
"Аналитик BI",None,None,None,https://hh.ru/vacancy/47123393
"Бизнес-аналитик",80000.0,None,руб.,https://hh.ru/vacancy/48093947
"C# Developer",None,None,None,https://hh.ru/vacancy/45492012
"С++ Developer",None,None,None,https://hh.ru/vacancy/48420350
"JavaScript - разработчик (ExtJS)",None,None,None,https://hh.ru/vacancy/46338951
"Senior DevOps инженер",None,None,None,https://hh.ru/vacancy/48223159
"Системный аналитик",150000.0,None,руб.,https://hh.ru/vacancy/46711933
"CV Engineer",160000.0,None,руб.,https://hh.ru/vacancy/48581063
"Младший CRM - аналитик",None,130000.0,руб.,https://hh.ru/vacancy/48475338
"Программист С++/С++ Developer",None,None,None,https://hh.ru/vacancy/48500139
"Release engineer",180000.0,None,руб.,https://hh.ru/vacancy/48340801
"Инженер по нагрузочному тестированию (проект SberID)",None,None,None,https://hh.ru/vacancy/48495373
"DevOps / SRE",None,None,None,https://hh.ru/vacancy/47008403
"Middle+ Go-разработчик в Infrastructure & Operations",None,None,None,https://hh.ru/vacancy/48465877
"Системный администратор Linux / DevOps инженер",None,None,None,https://hh.ru/vacancy/42922388
"Старший разработчик интерфейсов",None,None,None,https://hh.ru/vacancy/48514397
"Аналитик базы данных",115000.0,115000.0,руб.,https://hh.ru/vacancy/47693801
"Linux System Engineer",None,None,None,https://hh.ru/vacancy/48488098
"PostgreSQL DBA (Database Administrator)",None,None,None,https://hh.ru/vacancy/42815531
"R&D: Cистемный администратор Linux",200000.0,None,руб.,https://hh.ru/vacancy/46230187
"Проверяющий преподаватель по курсу "Специалист по кибербезопасности"",None,None,None,https://hh.ru/vacancy/48533311
"Product analyst/Аналитик продукта",None,None,None,https://hh.ru/vacancy/48543498
"Системный администратор",80000.0,120000.0,руб.,https://hh.ru/vacancy/48440033
"Системный аналитик / Аналитик BI",None,180000.0,руб.,https://hh.ru/vacancy/48477947
"Linux Kernel Developer",None,None,None,https://hh.ru/vacancy/48213379
"BI Developer",None,None,None,https://hh.ru/vacancy/48327135
"Системный администратор / devops-инженер",None,None,None,https://hh.ru/vacancy/45620450
"Системный аналитик/Аналитик BI",None,None,None,https://hh.ru/vacancy/47951643
"Product Analyst в International",None,None,None,https://hh.ru/vacancy/48023861
"DevOps инженер",None,None,None,https://hh.ru/vacancy/48485751
"Инженер по автотестированию",None,None,None,https://hh.ru/vacancy/46381252
"Руководитель разработки DWH (SQL)",None,None,None,https://hh.ru/vacancy/47856544
"QA Engineer Automation",None,None,None,https://hh.ru/vacancy/48484488
"QA-инженер/тестировщик",None,None,None,https://hh.ru/vacancy/48523519
"QA Engineer (Web)",None,None,None,https://hh.ru/vacancy/47123815
"Системный аналитик (аналитик DWH)",None,None,None,https://hh.ru/vacancy/38322265
"Инженер по защите платформ контейнеризации",None,None,None,https://hh.ru/vacancy/48492410
"Инженер-разработчик РЭА",None,None,None,https://hh.ru/vacancy/48441628
"Senior Software Engineer",None,None,None,https://hh.ru/vacancy/48184204
"Системный аналитик",None,None,None,https://hh.ru/vacancy/47976906
"Junior Analyst BI",80000.0,120000.0,руб.,https://hh.ru/vacancy/48534487
"DevOps (Release Engineer)",None,None,None,https://hh.ru/vacancy/46100320
"Senior Frontend developer",250000.0,None,руб.,https://hh.ru/vacancy/48012593
"Junior/Middle/Senior Golang Developer",None,None,None,https://hh.ru/vacancy/47722398
"Старший риск - аналитик",None,None,None,https://hh.ru/vacancy/44903435
"Frontend-разработчик (Браузер)",None,None,None,https://hh.ru/vacancy/48536632
"DevOps инженер",None,None,None,https://hh.ru/vacancy/48521601
"Ведущий инженер разработчик С++",None,None,None,https://hh.ru/vacancy/46350412
"Системный администратор Linux c элементами DevOps",None,None,None,https://hh.ru/vacancy/46597748
"Аналитик BI",None,None,None,https://hh.ru/vacancy/43370298
"DevOps/Unix системный администратор (MY.GAMES)",None,None,None,https://hh.ru/vacancy/44945501
"Разработчик-аналитик Tableau в Маркет",None,None,None,https://hh.ru/vacancy/44090222
"Senior DevOps Engineer (Delivery Team Lead)",None,None,None,https://hh.ru/vacancy/45742497
"Senior IOS developer продукт VSaaS (MTS AI)",None,None,None,https://hh.ru/vacancy/48583791
"Speech and Natural Language Processing Research Engineer (NLP)",None,None,None,https://hh.ru/vacancy/47697332
"Full-stack разработчик",None,None,None,https://hh.ru/vacancy/42631036
"Разработчик встраиваемых систем",150000.0,200000.0,руб.,https://hh.ru/vacancy/48478396
"Инженер по нагрузочному тестированию (проект SberID)",None,None,None,https://hh.ru/vacancy/48495373
"Middle FrontEnd Developer (Remote)",150000.0,200000.0,руб.,https://hh.ru/vacancy/48141291
"Продуктовый аналитик в Самокат Про",None,None,None,https://hh.ru/vacancy/47324163
"Automation expert",None,None,None,https://hh.ru/vacancy/46410915
"Fronted-разработчик",150000.0,None,руб.,https://hh.ru/vacancy/41703988
"Web-аналитик",None,None,None,https://hh.ru/vacancy/46984693
"Аналитик данных / интернет-маркетинг",None,None,None,https://hh.ru/vacancy/47790693
"Преподаватель по программированию для детей и подростков",None,None,None,https://hh.ru/vacancy/48537024
"Инженер по данным (Дата-инженер)",None,None,None,https://hh.ru/vacancy/42835759
"AI Video Codec Engineer",None,None,None,https://hh.ru/vacancy/48495929
"DWH: Главный разработчик",None,None,None,https://hh.ru/vacancy/38407325
"Data engineer (Трансформация инвестиционного бизнеса)",None,None,None,https://hh.ru/vacancy/47465538
"Системный аналитик DWH в Маркет",None,None,None,https://hh.ru/vacancy/42562711
"Исследователь кода (НДВ)",None,None,None,https://hh.ru/vacancy/42935246
"Аналитик BI",None,None,None,https://hh.ru/vacancy/48497579
"Platform Engineer",250000.0,None,руб.,https://hh.ru/vacancy/45252447
"Team Lead / Руководитель команды разработчиков (релокация в Вологду)",None,None,None,https://hh.ru/vacancy/48479532
"Software Architect",180000.0,None,руб.,https://hh.ru/vacancy/48588119
"Системный администратор Linux (Управление сопровождения корпоративной аналитической платформы)",None,None,None,https://hh.ru/vacancy/47772084
"DevOps-инженер (Системный администратор Linux)",None,None,None,https://hh.ru/vacancy/47058405
"Marketing Analyst",180000.0,None,руб.,https://hh.ru/vacancy/48304118
"Senior QA Engineer",None,None,None,https://hh.ru/vacancy/48025118
"Head of Backend / Tech Lead",350000.0,450000.0,руб.,https://hh.ru/vacancy/48589437
"Инженер-программист 2 категории по информационной безопасности (MIDDLE)",100000.0,None,руб.,https://hh.ru/vacancy/43517556
"Full-stack разработчик",None,None,None,https://hh.ru/vacancy/42631036
"Специалист по тестированию",None,None,None,https://hh.ru/vacancy/48553804
"Product Analyst",None,None,None,https://hh.ru/vacancy/42134089
"Старший исследователь больших данных",None,None,None,https://hh.ru/vacancy/48500420
"Системный администратор Linux",None,None,None,https://hh.ru/vacancy/48584623
"Аналитик / Специалист по обработке данных (DP, Market Research)",30000.0,50000.0,руб.,https://hh.ru/vacancy/47300614
"Linux инженер (SberDevices)",None,None,None,https://hh.ru/vacancy/39452620
"Junior/Middle Product Analyst",None,None,None,https://hh.ru/vacancy/48492465
"Исследователь UEFI/BIOS",None,None,None,https://hh.ru/vacancy/42935136
"Системный аналитик DWH в Маркет",None,None,None,https://hh.ru/vacancy/42562711
"R&D: Senior → Tech Lead DevOps",250000.0,None,руб.,https://hh.ru/vacancy/46663641
"Главный инженер по разработке (Devops инженер)",None,None,None,https://hh.ru/vacancy/47938410
"DWH: Главный разработчик",None,None,None,https://hh.ru/vacancy/38407325
"Системный администратор/DevOps инженер",None,None,None,https://hh.ru/vacancy/47324760
"Ведущий инженер по нагрузочному тестированию",None,None,None,https://hh.ru/vacancy/48549167
"Бизнес-аналитик",100000.0,None,руб.,https://hh.ru/vacancy/47873998
"Big Data Solution Architect",None,None,None,https://hh.ru/vacancy/46212748
"Продуктовый аналитик",None,None,None,https://hh.ru/vacancy/45935104
"Старший аналитик",140000.0,200000.0,руб.,https://hh.ru/vacancy/48479037
"Аналитик-психометрик",None,None,None,https://hh.ru/vacancy/47057122
"Системный администратор Unix",None,None,None,https://hh.ru/vacancy/47793829
"Internal Services Administrator (Linux)",None,None,None,https://hh.ru/vacancy/45984248
"Исследователь кода (НДВ)",None,None,None,https://hh.ru/vacancy/42935246
"Java Разработчик (Умный Дом)",None,None,None,https://hh.ru/vacancy/48547310
"QA engineer",None,None,None,https://hh.ru/vacancy/45781809
"Web - аналитик",None,None,None,https://hh.ru/vacancy/44313123
"Старший Web-аналитик",None,None,None,https://hh.ru/vacancy/46984712
"Аналитик по информационной безопасности (удаленно)",100000.0,None,руб.,https://hh.ru/vacancy/47735198
"Senior Marketing Analyst",4000.0,4500.0,USD,https://hh.ru/vacancy/47748913
"Старший QA-инженер",None,None,None,https://hh.ru/vacancy/46666220
"Java developer (Виртуальный ассистент КБ)",None,None,None,https://hh.ru/vacancy/46241767
"Старший QA-инженер",None,None,None,https://hh.ru/vacancy/46312546
"Middle/Senior Unity Developer",150000.0,200000.0,руб.,https://hh.ru/vacancy/48357049
"Ведущий эксперт (backend)",None,None,None,https://hh.ru/vacancy/48541279
"Системный инженер",98000.0,None,руб.,https://hh.ru/vacancy/48250653
"Аналитик (направление речевых технологий)",None,None,None,https://hh.ru/vacancy/45782171
"Инженер сопровождения тестовых сред",None,None,None,https://hh.ru/vacancy/46417675
"Chief Data officer",None,None,None,https://hh.ru/vacancy/47653272
"IT Recruiter (удаленно)",None,None,None,https://hh.ru/vacancy/47809528
"Системный администратор Linux",None,None,None,https://hh.ru/vacancy/45973574
"Экономист-математик (исследование государственных закупок)",70000.0,140000.0,руб.,https://hh.ru/vacancy/48142928
"IT Engineering Manager (Relocation)",4000.0,7000.0,USD,https://hh.ru/vacancy/48223738
"OAM: Системный администратор Linux",150000.0,180000.0,руб.,https://hh.ru/vacancy/40716856
"Системный инженер Linux / DevOPS",None,None,None,https://hh.ru/vacancy/47133727
"Системный администратор Linux",None,None,None,https://hh.ru/vacancy/48484910
"Аналитик",None,60000.0,руб.,https://hh.ru/vacancy/48319762
"Junior GPU Performance Engineer",None,None,None,https://hh.ru/vacancy/44952669
"Аналитик по рискам / Портфельный аналитик",None,None,None,https://hh.ru/vacancy/47806560
"Системный аналитик",None,None,None,https://hh.ru/vacancy/47473654
"Product Analyst (Driver App) / Продуктовый аналитик",None,None,None,https://hh.ru/vacancy/47773782
